p,a,d,Q,m,q,N,gcd_v_kummer,gcd_v_legendre,gcd_v_exact_integer,match
2,1,3,2,3,2,6,2,2,2,True
2,1,3,2,3,3,9,2,2,2,True
2,1,5,2,11,2,22,3,3,3,True
2,1,5,2,11,3,33,4,4,4,True
2,1,7,2,43,2,86,4,4,4,True
2,1,7,2,43,3,129,6,6,6,True
2,1,9,2,171,2,342,5,5,5,True
2,1,9,2,171,3,513,8,8,8,True
2,1,11,2,683,2,1366,6,6,6,True
2,1,11,2,683,3,2049,10,10,10,True
2,1,13,2,2731,2,5462,7,7,7,True
2,1,13,2,2731,3,8193,12,12,12,True
2,2,3,4,13,2,26,3,3,3,True
2,2,3,4,13,3,39,2,2,2,True
2,2,3,4,13,4,52,3,3,3,True
2,2,3,4,13,5,65,4,4,4,True
2,2,5,4,205,2,410,5,5,5,True
2,2,5,4,205,3,615,4,4,4,True
2,2,5,4,205,4,820,5,5,5,True
2,2,5,4,205,5,1025,8,8,8,True
2,2,7,4,3277,2,6554,7,7,7,True
2,2,7,4,3277,3,9831,6,6,6,True
2,3,3,8,57,2,114,4,4,4,True
2,3,3,8,57,3,171,3,3,3,True
2,3,3,8,57,4,228,4,4,4,True
2,3,3,8,57,5,285,3,3,3,True
2,3,3,8,57,6,342,3,3,3,True
2,3,3,8,57,7,399,3,3,3,True
2,3,3,8,57,8,456,4,4,4,True
2,3,3,8,57,9,513,6,6,6,True
2,3,5,8,3641,2,7282,7,7,7,True
2,4,3,16,241,2,482,5,5,5,True
2,4,3,16,241,3,723,4,4,4,True
2,4,3,16,241,4,964,5,5,5,True
2,4,3,16,241,5,1205,4,4,4,True
2,4,3,16,241,6,1446,4,4,4,True
2,4,3,16,241,7,1687,4,4,4,True
2,4,3,16,241,8,1928,5,5,5,True
2,4,3,16,241,9,2169,4,4,4,True
2,4,3,16,241,10,2410,4,4,4,True
2,4,3,16,241,11,2651,4,4,4,True
2,4,3,16,241,12,2892,4,4,4,True
2,4,3,16,241,13,3133,4,4,4,True
2,4,3,16,241,14,3374,4,4,4,True
2,4,3,16,241,15,3615,4,4,4,True
2,4,3,16,241,16,3856,5,5,5,True
2,4,3,16,241,17,4097,8,8,8,True
2,5,3,32,993,2,1986,6,6,6,True
2,5,3,32,993,3,2979,5,5,5,True
2,5,3,32,993,4,3972,6,6,6,True
2,5,3,32,993,5,4965,5,5,5,True
2,5,3,32,993,6,5958,5,5,5,True
2,5,3,32,993,7,6951,5,5,5,True
2,5,3,32,993,8,7944,6,6,6,True
2,5,3,32,993,9,8937,5,5,5,True
2,5,3,32,993,10,9930,5,5,5,True
2,6,3,64,4033,2,8066,7,7,7,True
3,1,3,3,7,2,14,1,1,1,True
3,1,3,3,7,3,21,2,2,2,True
3,1,3,3,7,4,28,2,2,2,True
3,1,5,3,61,2,122,2,2,2,True
3,1,5,3,61,3,183,3,3,3,True
3,1,5,3,61,4,244,4,4,4,True
3,1,7,3,547,2,1094,3,3,3,True
3,1,7,3,547,3,1641,4,4,4,True
3,1,7,3,547,4,2188,6,6,6,True
3,1,9,3,4921,2,9842,4,4,4,True
3,2,3,9,73,2,146,2,2,2,True
3,2,3,9,73,3,219,3,3,3,True
3,2,3,9,73,4,292,2,2,2,True
3,2,3,9,73,5,365,2,2,2,True
3,2,3,9,73,6,438,2,2,2,True
3,2,3,9,73,7,511,2,2,2,True
3,2,3,9,73,8,584,2,2,2,True
3,2,3,9,73,9,657,3,3,3,True
3,2,3,9,73,10,730,4,4,4,True
3,3,3,27,703,2,1406,3,3,3,True
3,3,3,27,703,3,2109,4,4,4,True
3,3,3,27,703,4,2812,3,3,3,True
3,3,3,27,703,5,3515,3,3,3,True
3,3,3,27,703,6,4218,3,3,3,True
3,3,3,27,703,7,4921,3,3,3,True
3,3,3,27,703,8,5624,3,3,3,True
3,3,3,27,703,9,6327,4,4,4,True
3,3,3,27,703,10,7030,3,3,3,True
3,3,3,27,703,11,7733,3,3,3,True
3,3,3,27,703,12,8436,3,3,3,True
3,3,3,27,703,13,9139,3,3,3,True
3,3,3,27,703,14,9842,3,3,3,True
5,1,3,5,21,2,42,1,1,1,True
5,1,3,5,21,3,63,1,1,1,True
5,1,3,5,21,4,84,1,1,1,True
5,1,3,5,21,5,105,2,2,2,True
5,1,3,5,21,6,126,2,2,2,True
5,1,5,5,521,2,1042,2,2,2,True
5,1,5,5,521,3,1563,2,2,2,True
5,1,5,5,521,4,2084,2,2,2,True
5,1,5,5,521,5,2605,3,3,3,True
5,1,5,5,521,6,3126,4,4,4,True
5,2,3,25,601,2,1202,2,2,2,True
5,2,3,25,601,3,1803,2,2,2,True
5,2,3,25,601,4,2404,2,2,2,True
5,2,3,25,601,5,3005,3,3,3,True
5,2,3,25,601,6,3606,2,2,2,True
5,2,3,25,601,7,4207,2,2,2,True
5,2,3,25,601,8,4808,2,2,2,True
5,2,3,25,601,9,5409,2,2,2,True
5,2,3,25,601,10,6010,2,2,2,True
5,2,3,25,601,11,6611,2,2,2,True
5,2,3,25,601,12,7212,2,2,2,True
5,2,3,25,601,13,7813,2,2,2,True
5,2,3,25,601,14,8414,2,2,2,True
5,2,3,25,601,15,9015,2,2,2,True
5,2,3,25,601,16,9616,2,2,2,True
7,1,3,7,43,2,86,1,1,1,True
7,1,3,7,43,3,129,1,1,1,True
7,1,3,7,43,4,172,1,1,1,True
7,1,3,7,43,5,215,1,1,1,True
7,1,3,7,43,6,258,1,1,1,True
7,1,3,7,43,7,301,2,2,2,True
7,1,3,7,43,8,344,2,2,2,True
7,1,5,7,2101,2,4202,2,2,2,True
7,1,5,7,2101,3,6303,2,2,2,True
7,1,5,7,2101,4,8404,2,2,2,True
7,2,3,49,2353,2,4706,2,2,2,True
7,2,3,49,2353,3,7059,2,2,2,True
7,2,3,49,2353,4,9412,2,2,2,True
11,1,3,11,111,2,222,1,1,1,True
11,1,3,11,111,3,333,1,1,1,True
11,1,3,11,111,4,444,1,1,1,True
11,1,3,11,111,5,555,1,1,1,True
11,1,3,11,111,6,666,1,1,1,True
11,1,3,11,111,7,777,1,1,1,True
11,1,3,11,111,8,888,1,1,1,True
11,1,3,11,111,9,999,1,1,1,True
11,1,3,11,111,10,1110,1,1,1,True
11,1,3,11,111,11,1221,2,2,2,True
11,1,3,11,111,12,1332,2,2,2,True
13,1,3,13,157,2,314,1,1,1,True
13,1,3,13,157,3,471,1,1,1,True
13,1,3,13,157,4,628,1,1,1,True
13,1,3,13,157,5,785,1,1,1,True
13,1,3,13,157,6,942,1,1,1,True
13,1,3,13,157,7,1099,1,1,1,True
13,1,3,13,157,8,1256,1,1,1,True
13,1,3,13,157,9,1413,1,1,1,True
13,1,3,13,157,10,1570,1,1,1,True
13,1,3,13,157,11,1727,1,1,1,True
13,1,3,13,157,12,1884,1,1,1,True
13,1,3,13,157,13,2041,2,2,2,True
13,1,3,13,157,14,2198,2,2,2,True
17,1,3,17,273,2,546,1,1,1,True
17,1,3,17,273,3,819,1,1,1,True
17,1,3,17,273,4,1092,1,1,1,True
17,1,3,17,273,5,1365,1,1,1,True
17,1,3,17,273,6,1638,1,1,1,True
17,1,3,17,273,7,1911,1,1,1,True
17,1,3,17,273,8,2184,1,1,1,True
17,1,3,17,273,9,2457,1,1,1,True
17,1,3,17,273,10,2730,1,1,1,True
17,1,3,17,273,11,3003,1,1,1,True
17,1,3,17,273,12,3276,1,1,1,True
17,1,3,17,273,13,3549,1,1,1,True
17,1,3,17,273,14,3822,1,1,1,True
17,1,3,17,273,15,4095,1,1,1,True
17,1,3,17,273,16,4368,1,1,1,True
17,1,3,17,273,17,4641,2,2,2,True
17,1,3,17,273,18,4914,2,2,2,True
19,1,3,19,343,2,686,1,1,1,True
19,1,3,19,343,3,1029,1,1,1,True
19,1,3,19,343,4,1372,1,1,1,True
19,1,3,19,343,5,1715,1,1,1,True
19,1,3,19,343,6,2058,1,1,1,True
19,1,3,19,343,7,2401,1,1,1,True
19,1,3,19,343,8,2744,1,1,1,True
19,1,3,19,343,9,3087,1,1,1,True
19,1,3,19,343,10,3430,1,1,1,True
19,1,3,19,343,11,3773,1,1,1,True
19,1,3,19,343,12,4116,1,1,1,True
19,1,3,19,343,13,4459,1,1,1,True
19,1,3,19,343,14,4802,1,1,1,True
19,1,3,19,343,15,5145,1,1,1,True
19,1,3,19,343,16,5488,1,1,1,True
19,1,3,19,343,17,5831,1,1,1,True
19,1,3,19,343,18,6174,1,1,1,True
19,1,3,19,343,19,6517,2,2,2,True
19,1,3,19,343,20,6860,2,2,2,True
23,1,3,23,507,2,1014,1,1,1,True
23,1,3,23,507,3,1521,1,1,1,True
23,1,3,23,507,4,2028,1,1,1,True
23,1,3,23,507,5,2535,1,1,1,True
23,1,3,23,507,6,3042,1,1,1,True
23,1,3,23,507,7,3549,1,1,1,True
23,1,3,23,507,8,4056,1,1,1,True
23,1,3,23,507,9,4563,1,1,1,True
23,1,3,23,507,10,5070,1,1,1,True
23,1,3,23,507,11,5577,1,1,1,True
23,1,3,23,507,12,6084,1,1,1,True
23,1,3,23,507,13,6591,1,1,1,True
23,1,3,23,507,14,7098,1,1,1,True
23,1,3,23,507,15,7605,1,1,1,True
23,1,3,23,507,16,8112,1,1,1,True
23,1,3,23,507,17,8619,1,1,1,True
23,1,3,23,507,18,9126,1,1,1,True
23,1,3,23,507,19,9633,1,1,1,True
29,1,3,29,813,2,1626,1,1,1,True
29,1,3,29,813,3,2439,1,1,1,True
29,1,3,29,813,4,3252,1,1,1,True
29,1,3,29,813,5,4065,1,1,1,True
29,1,3,29,813,6,4878,1,1,1,True
29,1,3,29,813,7,5691,1,1,1,True
29,1,3,29,813,8,6504,1,1,1,True
29,1,3,29,813,9,7317,1,1,1,True
29,1,3,29,813,10,8130,1,1,1,True
29,1,3,29,813,11,8943,1,1,1,True
29,1,3,29,813,12,9756,1,1,1,True
31,1,3,31,931,2,1862,1,1,1,True
31,1,3,31,931,3,2793,1,1,1,True
31,1,3,31,931,4,3724,1,1,1,True
31,1,3,31,931,5,4655,1,1,1,True
31,1,3,31,931,6,5586,1,1,1,True
31,1,3,31,931,7,6517,1,1,1,True
31,1,3,31,931,8,7448,1,1,1,True
31,1,3,31,931,9,8379,1,1,1,True
31,1,3,31,931,10,9310,1,1,1,True
