p,a,d,Q,m,r,all_kummer_legendre_match,corrected_lower_strict,corrected_upper_strict,stage1_proposed_lower,stage1_proposed_upper,endpoint_q,endpoint_coeff_v,endpoint_gcd_v,pre_coeff_max,pre_coeff_argmax,pre_gcd_max,pre_gcd_argmax,targetA_checked,targetB_checked,targetC_checked,gcd_candidate_checked
2,1,3,2,3,2,True,True,True,False,True,3,2,2,2,2,2,2,,,True,True
2,1,5,2,11,4,True,True,True,False,True,3,4,4,3,2,3,2,True,True,,True
2,1,7,2,43,6,True,True,True,False,True,3,6,6,4,2,4,2,True,True,,True
2,1,9,2,171,8,True,True,True,False,True,3,8,8,5,2,5,2,True,True,,True
2,1,11,2,683,10,True,True,True,False,True,3,10,10,6,2,6,2,True,True,,True
2,1,13,2,2731,12,True,True,True,False,True,3,12,12,7,2,7,2,True,True,,True
2,1,15,2,10923,14,True,True,True,False,True,3,14,14,8,2,8,2,True,True,,True
2,2,3,4,13,4,True,True,True,False,True,5,4,4,4,4,3,2;4,,,True,True
2,2,5,4,205,8,True,True,True,False,True,5,8,8,6,4,5,2;4,True,True,,True
2,2,7,4,3277,12,True,True,True,False,True,5,12,12,8,4,7,2;4,True,True,,True
2,2,9,4,52429,16,True,True,True,False,True,5,16,16,10,4,9,2;4,True,True,,True
2,2,11,4,838861,20,True,True,True,False,True,5,20,20,12,4,11,2;4,True,True,,True
2,2,13,4,13421773,24,True,True,True,False,True,5,24,24,14,4,13,2;4,True,True,,True
2,2,15,4,214748365,28,True,True,True,False,True,5,28,28,16,4,15,2;4,True,True,,True
2,3,3,8,57,6,True,True,True,False,True,9,6,6,6,8,4,2;4;8,,,True,True
2,3,5,8,3641,12,True,True,True,False,True,9,12,12,9,8,7,2;4;8,True,True,,True
2,3,7,8,233017,18,True,True,True,False,True,9,18,18,12,8,10,2;4;8,True,True,,True
2,3,9,8,14913081,24,True,True,True,False,True,9,24,24,15,8,13,2;4;8,True,True,,True
2,3,11,8,954437177,30,True,True,True,False,True,9,30,30,18,8,16,2;4;8,True,True,,True
2,3,13,8,61083979321,36,True,True,True,False,True,9,36,36,21,8,19,2;4;8,True,True,,True
2,3,15,8,3909374676537,42,True,True,True,False,True,9,42,42,24,8,22,2;4;8,True,True,,True
2,4,3,16,241,8,True,True,True,False,True,17,8,8,8,16,5,2;4;8;16,,,True,True
2,4,5,16,61681,16,True,True,True,False,True,17,16,16,12,16,9,2;4;8;16,True,True,,True
2,4,7,16,15790321,24,True,True,True,False,True,17,24,24,16,16,13,2;4;8;16,True,True,,True
2,4,9,16,4042322161,32,True,True,True,False,True,17,32,32,20,16,17,2;4;8;16,True,True,,True
2,4,11,16,1034834473201,40,True,True,True,False,True,17,40,40,24,16,21,2;4;8;16,True,True,,True
2,4,13,16,264917625139441,48,True,True,True,False,True,17,48,48,28,16,25,2;4;8;16,True,True,,True
2,4,15,16,67818912035696881,56,True,True,True,False,True,17,56,56,32,16,29,2;4;8;16,True,True,,True
2,5,3,32,993,10,True,True,True,False,True,33,10,10,10,32,6,2;4;8;16;32,,,True,True
2,5,5,32,1016801,20,True,True,True,False,True,33,20,20,15,32,11,2;4;8;16;32,True,True,,True
2,5,7,32,1041204193,30,True,True,True,False,True,33,30,30,20,32,16,2;4;8;16;32,True,True,,True
2,5,9,32,1066193093601,40,True,True,True,False,True,33,40,40,25,32,21,2;4;8;16;32,True,True,,True
2,5,11,32,1091781727847393,50,True,True,True,False,True,33,50,50,30,32,26,2;4;8;16;32,True,True,,True
2,5,13,32,1117984489315730401,60,True,True,True,False,True,33,60,60,35,32,31,2;4;8;16;32,True,True,,True
2,5,15,32,1144816117059307930593,70,True,True,True,False,True,33,70,70,40,32,36,2;4;8;16;32,True,True,,True
2,6,3,64,4033,12,True,True,True,False,True,65,12,12,12,64,7,2;4;8;16;32;64,,,True,True
2,6,5,64,16519105,24,True,True,True,False,True,65,24,24,18,64,13,2;4;8;16;32;64,True,True,,True
2,6,7,64,67662254017,36,True,True,True,False,True,65,36,36,24,64,19,2;4;8;16;32;64,True,True,,True
2,6,9,64,277144592453569,48,True,True,True,False,True,65,48,48,30,64,25,2;4;8;16;32;64,True,True,,True
2,6,11,64,1135184250689818561,60,True,True,True,False,True,65,60,60,36,64,31,2;4;8;16;32;64,True,True,,True
2,6,13,64,4649714690825496825793,72,True,True,True,False,True,65,72,72,42,64,37,2;4;8;16;32;64,True,True,,True
2,6,15,64,19045231373621234998448065,84,True,True,True,False,True,65,84,84,48,64,43,2;4;8;16;32;64,True,True,,True
2,7,3,128,16257,14,True,True,True,False,True,129,14,14,14,128,8,2;4;8;16;32;64;128,,,True,True
2,7,5,128,266354561,28,True,True,True,False,True,129,28,28,21,128,15,2;4;8;16;32;64;128,True,True,,True
2,7,7,128,4363953127297,42,True,True,True,False,True,129,42,42,28,128,22,2;4;8;16;32;64;128,True,True,,True
2,7,9,128,71499008037633921,56,True,True,True,False,True,129,56,56,35,128,29,2;4;8;16;32;64;128,True,True,,True
2,7,11,128,1171439747688594161537,70,True,True,True,False,True,129,70,70,42,128,36,2;4;8;16;32;64;128,True,True,,True
2,7,13,128,19192868826129926742622081,84,True,True,True,False,True,129,84,84,49,128,43,2;4;8;16;32;64;128,True,True,,True
2,7,15,128,314455962847312719751120174977,98,True,True,True,False,True,129,98,98,56,128,50,2;4;8;16;32;64;128,True,True,,True
3,1,3,3,7,2,True,True,True,False,True,4,2,2,2,3,2,3,,,True,True
3,1,5,3,61,4,True,True,True,False,True,4,4,4,3,3,3,3,True,True,,True
3,1,7,3,547,6,True,True,True,False,True,4,6,6,4,3,4,3,True,True,,True
3,1,9,3,4921,8,True,True,True,False,True,4,8,8,5,3,5,3,True,True,,True
3,1,11,3,44287,10,True,True,True,False,True,4,10,10,6,3,6,3,True,True,,True
3,1,13,3,398581,12,True,True,True,False,True,4,12,12,7,3,7,3,True,True,,True
3,1,15,3,3587227,14,True,True,True,False,True,4,14,14,8,3,8,3,True,True,,True
3,2,3,9,73,4,True,True,True,False,True,10,4,4,4,9,3,3;9,,,True,True
3,2,5,9,5905,8,True,True,True,False,True,10,8,8,6,9,5,3;9,True,True,,True
3,2,7,9,478297,12,True,True,True,False,True,10,12,12,8,9,7,3;9,True,True,,True
3,2,9,9,38742049,16,True,True,True,False,True,10,16,16,10,9,9,3;9,True,True,,True
3,2,11,9,3138105961,20,True,True,True,False,True,10,20,20,12,9,11,3;9,True,True,,True
3,2,13,9,254186582833,24,True,True,True,False,True,10,24,24,14,9,13,3;9,True,True,,True
3,2,15,9,20589113209465,28,True,True,True,False,True,10,28,28,16,9,15,3;9,True,True,,True
3,3,3,27,703,6,True,True,True,False,True,28,6,6,6,27,4,3;9;27,,,True,True
3,3,5,27,512461,12,True,True,True,False,True,28,12,12,9,27,7,3;9;27,True,True,,True
3,3,7,27,373584043,18,True,True,True,False,True,28,18,18,12,27,10,3;9;27,True,True,,True
3,3,9,27,272342767321,24,True,True,True,False,True,28,24,24,15,27,13,3;9;27,True,True,,True
3,3,11,27,198537877376983,30,True,True,True,False,True,28,30,30,18,27,16,3;9;27,True,True,,True
3,3,13,27,144734112607820581,36,True,True,True,False,True,28,36,36,21,27,19,3;9;27,True,True,,True
3,3,15,27,105511168091101203523,42,True,True,True,False,True,28,42,42,24,27,22,3;9;27,True,True,,True
3,4,3,81,6481,8,True,True,True,False,True,82,8,8,8,81,5,3;9;27;81,,,True,True
3,4,5,81,42521761,16,True,True,True,False,True,82,16,16,12,81,9,3;9;27;81,True,True,,True
3,4,7,81,278985273841,24,True,True,True,False,True,82,24,24,16,81,13,3;9;27;81,True,True,,True
3,4,9,81,1830422381670721,32,True,True,True,False,True,82,32,32,20,81,17,3;9;27;81,True,True,,True
3,4,11,81,12009401246141600401,40,True,True,True,False,True,82,40,40,24,81,21,3;9;27;81,True,True,,True
3,4,13,81,78793681575935040230881,48,True,True,True,False,True,82,48,48,28,81,25,3;9;27;81,True,True,,True
3,4,15,81,516965344819709798954810161,56,True,True,True,False,True,82,56,56,32,81,29,3;9;27;81,True,True,,True
5,1,3,5,21,2,True,True,True,False,True,6,2,2,2,5,2,5,,,True,True
5,1,5,5,521,4,True,True,True,False,True,6,4,4,3,5,3,5,True,True,,True
5,1,7,5,13021,6,True,True,True,False,True,6,6,6,4,5,4,5,True,True,,True
5,1,9,5,325521,8,True,True,True,False,True,6,8,8,5,5,5,5,True,True,,True
5,1,11,5,8138021,10,True,True,True,False,True,6,10,10,6,5,6,5,True,True,,True
5,1,13,5,203450521,12,True,True,True,False,True,6,12,12,7,5,7,5,True,True,,True
5,1,15,5,5086263021,14,True,True,True,False,True,6,14,14,8,5,8,5,True,True,,True
5,2,3,25,601,4,True,True,True,False,True,26,4,4,4,25,3,5;25,,,True,True
5,2,5,25,375601,8,True,True,True,False,True,26,8,8,6,25,5,5;25,True,True,,True
5,2,7,25,234750601,12,True,True,True,False,True,26,12,12,8,25,7,5;25,True,True,,True
5,2,9,25,146719125601,16,True,True,True,False,True,26,16,16,10,25,9,5;25,True,True,,True
5,2,11,25,91699453500601,20,True,True,True,False,True,26,20,20,12,25,11,5;25,True,True,,True
5,2,13,25,57312158437875601,24,True,True,True,False,True,26,24,24,14,25,13,5;25,True,True,,True
5,2,15,25,35820099023672250601,28,True,True,True,False,True,26,28,28,16,25,15,5;25,True,True,,True
5,3,3,125,15501,6,True,True,True,False,True,126,6,6,6,125,4,5;25;125,,,True,True
5,3,5,125,242203001,12,True,True,True,False,True,126,12,12,9,125,7,5;25;125,True,True,,True
5,3,7,125,3784421890501,18,True,True,True,False,True,126,18,18,12,125,10,5;25;125,True,True,,True
5,3,9,125,59131592039078001,24,True,True,True,False,True,126,24,24,15,125,13,5;25;125,True,True,,True
5,3,11,125,923931125610593765501,30,True,True,True,False,True,126,30,30,18,125,16,5;25;125,True,True,,True
5,3,13,125,14436423837665527585953001,36,True,True,True,False,True,126,36,36,21,125,19,5;25;125,True,True,,True
5,3,15,125,225569122463523868530515640501,42,True,True,True,False,True,126,42,42,24,125,22,5;25;125,True,True,,True
7,1,3,7,43,2,True,True,True,False,True,8,2,2,2,7,2,7,,,True,True
7,1,5,7,2101,4,True,True,True,False,True,8,4,4,3,7,3,7,True,True,,True
7,1,7,7,102943,6,True,True,True,False,True,8,6,6,4,7,4,7,True,True,,True
7,1,9,7,5044201,8,True,True,True,False,True,8,8,8,5,7,5,7,True,True,,True
7,1,11,7,247165843,10,True,True,True,False,True,8,10,10,6,7,6,7,True,True,,True
7,1,13,7,12111126301,12,True,True,True,False,True,8,12,12,7,7,7,7,True,True,,True
7,1,15,7,593445188743,14,True,True,True,False,True,8,14,14,8,7,8,7,True,True,,True
7,2,3,49,2353,4,True,True,True,False,True,50,4,4,4,49,3,7;49,,,True,True
7,2,5,49,5649505,8,True,True,True,False,True,50,8,8,6,49,5,7;49,True,True,,True
7,2,7,49,13564461457,12,True,True,True,False,True,50,12,12,8,49,7,7;49,True,True,,True
7,2,9,49,32568271958209,16,True,True,True,False,True,50,16,16,10,49,9,7;49,True,True,,True
7,2,11,49,78196420971659761,20,True,True,True,False,True,50,20,20,12,49,11,7;49,True,True,,True
7,2,13,49,187749606752955086113,24,True,True,True,False,True,50,24,24,14,49,13,7;49,True,True,,True
7,2,15,49,450786805813845161757265,28,True,True,True,False,True,50,28,28,16,49,15,7;49,True,True,,True
11,1,3,11,111,2,True,True,True,False,True,12,2,2,2,11,2,11,,,True,True
11,1,5,11,13421,4,True,True,True,False,True,12,4,4,3,11,3,11,True,True,,True
11,1,7,11,1623931,6,True,True,True,False,True,12,6,6,4,11,4,11,True,True,,True
11,1,9,11,196495641,8,True,True,True,False,True,12,8,8,5,11,5,11,True,True,,True
11,1,11,11,23775972551,10,True,True,True,False,True,12,10,10,6,11,6,11,True,True,,True
11,1,13,11,2876892678661,12,True,True,True,False,True,12,12,12,7,11,7,11,True,True,,True
11,1,15,11,348104014117971,14,True,True,True,False,True,12,14,14,8,11,8,11,True,True,,True
11,2,3,121,14521,4,True,True,True,False,True,122,4,4,4,121,3,11;121,,,True,True
11,2,5,121,212601841,8,True,True,True,False,True,122,8,8,6,121,5,11;121,True,True,,True
11,2,7,121,3112703553961,12,True,True,True,False,True,122,12,12,8,121,7,11;121,True,True,,True
11,2,9,121,45573092733542881,16,True,True,True,False,True,122,16,16,10,121,9,11;121,True,True,,True
11,2,11,121,667235650711801320601,20,True,True,True,False,True,122,20,20,12,121,11,11;121,True,True,,True
11,2,13,121,9768997162071483134919121,24,True,True,True,False,True,122,24,24,14,121,13,11;121,True,True,,True
11,2,15,121,143027887449888584578350850441,28,True,True,True,False,True,122,28,28,16,121,15,11;121,True,True,,True
13,1,3,13,157,2,True,True,True,False,True,14,2,2,2,13,2,13,,,True,True
13,1,5,13,26521,4,True,True,True,False,True,14,4,4,3,13,3,13,True,True,,True
13,1,7,13,4482037,6,True,True,True,False,True,14,6,6,4,13,4,13,True,True,,True
13,1,9,13,757464241,8,True,True,True,False,True,14,8,8,5,13,5,13,True,True,,True
13,1,11,13,128011456717,10,True,True,True,False,True,14,10,10,6,13,6,13,True,True,,True
13,1,13,13,21633936185161,12,True,True,True,False,True,14,12,12,7,13,7,13,True,True,,True
13,1,15,13,3656135215292197,14,True,True,True,False,True,14,14,14,8,13,8,13,True,True,,True
17,1,3,17,273,2,True,True,True,False,True,18,2,2,2,17,2,17,,,True,True
17,1,5,17,78881,4,True,True,True,False,True,18,4,4,3,17,3,17,True,True,,True
17,1,7,17,22796593,6,True,True,True,False,True,18,6,6,4,17,4,17,True,True,,True
17,1,9,17,6588215361,8,True,True,True,False,True,18,8,8,5,17,5,17,True,True,,True
17,1,11,17,1903994239313,10,True,True,True,False,True,18,10,10,6,17,6,17,True,True,,True
17,1,13,17,550254335161441,12,True,True,True,False,True,18,12,12,7,17,7,17,True,True,,True
17,1,15,17,159023502861656433,14,True,True,True,False,True,18,14,14,8,17,8,17,True,True,,True
19,1,3,19,343,2,True,True,True,False,True,20,2,2,2,19,2,19,,,True,True
19,1,5,19,123805,4,True,True,True,False,True,20,4,4,3,19,3,19,True,True,,True
19,1,7,19,44693587,6,True,True,True,False,True,20,6,6,4,19,4,19,True,True,,True
19,1,9,19,16134384889,8,True,True,True,False,True,20,8,8,5,19,5,19,True,True,,True
19,1,11,19,5824512944911,10,True,True,True,False,True,20,10,10,6,19,6,19,True,True,,True
19,1,13,19,2102649173112853,12,True,True,True,False,True,20,12,12,7,19,7,19,True,True,,True
19,1,15,19,759056351493739915,14,True,True,True,False,True,20,14,14,8,19,8,19,True,True,,True
23,1,3,23,507,2,True,True,True,False,True,24,2,2,2,23,2,23,,,True,True
23,1,5,23,268181,4,True,True,True,False,True,24,4,4,3,23,3,23,True,True,,True
23,1,7,23,141867727,6,True,True,True,False,True,24,6,6,4,23,4,23,True,True,,True
23,1,9,23,75048027561,8,True,True,True,False,True,24,8,8,5,23,5,23,True,True,,True
23,1,11,23,39700406579747,10,True,True,True,False,True,24,10,10,6,23,6,23,True,True,,True
23,1,13,23,21001515080686141,12,True,True,True,False,True,24,12,12,7,23,7,23,True,True,,True
23,1,15,23,11109801477682968567,14,True,True,True,False,True,24,14,14,8,23,8,23,True,True,,True
29,1,3,29,813,2,True,True,True,False,True,30,2,2,2,29,2,29,,,True,True
29,1,5,29,683705,4,True,True,True,False,True,30,4,4,3,29,3,29,True,True,,True
29,1,7,29,574995877,6,True,True,True,False,True,30,6,6,4,29,4,29,True,True,,True
29,1,9,29,483571532529,8,True,True,True,False,True,30,8,8,5,29,5,29,True,True,,True
29,1,11,29,406683658856861,10,True,True,True,False,True,30,10,10,6,29,6,29,True,True,,True
29,1,13,29,342020957098620073,12,True,True,True,False,True,30,12,12,7,29,7,29,True,True,,True
29,1,15,29,287639624919939481365,14,True,True,True,False,True,30,14,14,8,29,8,29,True,True,,True
31,1,3,31,931,2,True,True,True,False,True,32,2,2,2,31,2,31,,,True,True
31,1,5,31,894661,4,True,True,True,False,True,32,4,4,3,31,3,31,True,True,,True
31,1,7,31,859769191,6,True,True,True,False,True,32,6,6,4,31,4,31,True,True,,True
31,1,9,31,826238192521,8,True,True,True,False,True,32,8,8,5,31,5,31,True,True,,True
31,1,11,31,794014903012651,10,True,True,True,False,True,32,10,10,6,31,6,31,True,True,,True
31,1,13,31,763048321795157581,12,True,True,True,False,True,32,12,12,7,31,7,31,True,True,,True
31,1,15,31,733289437245146435311,14,True,True,True,False,True,32,14,14,8,31,8,31,True,True,,True
